periodo,proveedor,track_code,ambito,tipo_servicio,name,main_category,sub_category,category,alto,ancho,largo,peso_aforado,peso_fisico,peso_facturable,tarifa
202511,BoxFast,BFX42754874321X,2,24hs,"SDR Rear Bumper Step footstep Trim For Toyota Fortuner 2016 onwards",car & motorbike,Car Parts,Car_Parts,32,18,69,13.25,12.2,13.25,5600
202511,BoxFast,BFX45088662684X,2,24hs,"ISEE 360® Car Bumper Sticker Exterior for Front Back Vinyl Checkered Flag Black Decals L X H 35 X 10 Cms",car & motorbike,Car Parts,Car_Parts,67,50,30,33.5,19.77,33.5,10100
202511,BoxFast,BFX45832574342X,2,72hs,"AUTOWORLD MAX BOLERO FRONT GRILL WITH CROME CENTRE BLACK FOR MAHINDRA BOLERO TYPE-3",car & motorbike,Car Parts,Car_Parts,79,78,16,32.86,3.9,32.86,6750
202511,BoxFast,BFX42626137451X,1,24hs,"RS ENTERPRISES CARS Maruti Suzuki Swift 2010 Car Chrome Dicky Garnish, Silver Chrome Line.",car & motorbike,Car Parts,Car_Parts,31,36,64,23.81,6.68,23.81,6300
202511,BoxFast,BFX47649567279X,1,72hs,"Car Power Outlet Receptacle, 12V 24V Auto Cigarette Lighter Socket Dustproof 10A Female Interface Waterproof for Motorcycl...",car & motorbike,Car Parts,Car_Parts,98,75,102,249.9,13.85,249.9,10500
202511,BoxFast,BFX40658899139X,3,72hs,"Door Sill/Foot Step Stainless Steel Plates with Toyota Urban Cruiser (Set of 4 Pcs)",car & motorbike,Car Parts,Car_Parts,55,53,100,97.17,20.29,97.17,16300
202511,BoxFast,BFX47276774396X,1,72hs,"NIKAVI DP2 Front Brake Disc Pad Compatible for Honda Unicorn / Passion / Jawa 42 (Front) + NKVKC",car & motorbike,Car Parts,Car_Parts,116,75,36,104.4,8.87,104.4,10500
202511,BoxFast,BFX49411659243X,1,48hs,"Silcon Bolero Mahindra Fog Light Waterproof Lamp with Mounting Stand | Sutable 4 led (12W, White Light, 2 PCS (1set)",car & motorbike,Car Parts,Car_Parts,12,73,104,30.37,26.55,30.37,6500
202511,BoxFast,BFX48259979093X,1,72hs,"Kozdiko Mocc Horn Bike 18 in 1 Digital Tone Magic Horn Set of 2 Pcs for Hero Splendor Pro",car & motorbike,Car Parts,Car_Parts,40,3,46,1.84,23.46,23.46,4200
202511,BoxFast,BFX43984529214X,3,48hs,"WISKA® Car Engine Push Start Stop Button Diamond Ring Cover Interior Decoration Accessories for Hyundai Venue | Creta | Al...",car & motorbike,Car Parts,Car_Parts,87,65,70,131.95,16.59,131.95,19550
202511,BoxFast,BFX42201767268X,3,72hs,"Binfas Creations Car Door Handle Scratch Protector 3D transparent",car & motorbike,Car Parts,Car_Parts,108,16,42,24.19,13.83,24.19,6500
202511,BoxFast,BFX41228664326X,1,48hs,"EXCHANGE CARTRENDING Microfiber Car Steering Wheel Cover, Soft Padding Great Hand Feel, Anti-Slip, Faux Leather Steering C...",car & motorbike,Car Parts,Car_Parts,28,67,65,40.65,18.62,40.65,7900
202511,BoxFast,BFX45111834169X,2,24hs,"PALAUTOLIGHTS Left Side Mirror Cover/Cap for Toyota Etios 1st generation(2011-2013)",car & motorbike,Car Parts,Car_Parts,118,65,66,168.74,21.98,168.74,19700
202511,BoxFast,BFX42122156260X,2,48hs,"Miwings 10 SMD Super Bright LED Universal Car Interior Roof Light Reading Dome Lamp Bulb (5W-4Pcs) For Kia Sonet",car & motorbike,Car Parts,Car_Parts,25,22,85,15.58,4.14,15.58,5400
202511,BoxFast,BFX43519888143X,3,72hs,"Cabix Box Type Car Mud Flap Tyre Flap for Tata Indica Vista",car & motorbike,Car Parts,Car_Parts,51,7,59,7.02,25.59,25.59,7450
202511,BoxFast,BFX43004214219X,2,72hs,"Guance Black Rubber Car Bumper Safety Guard Protectors for Wagon R 2019",car & motorbike,Car Parts,Car_Parts,39,35,66,30.03,14.73,30.03,6750
202511,BoxFast,BFX49831810350X,1,72hs,"MIZZEO Premium Car Rear View Side Mirror Glass (Right/Driver Side) Compatible with Maruti S-Cross (Type-1) 2014-2017",car & motorbike,Car Parts,Car_Parts,52,25,80,34.67,28.07,34.67,5400
202511,BoxFast,BFX43296365406X,3,24hs,"CARIZO® Rear View Mirror Glass (Right/Driver Side) Compatible with Hyundai Creta (Type-1) 2015-2020",car & motorbike,Car Parts,Car_Parts,109,45,53,86.66,28.67,86.66,24400
202511,BoxFast,BFX46230818745X,3,72hs,"CARMART Door Sill/Foot step Stainless Steel Plates for Toyota Etios -Set of 4",car & motorbike,Car Parts,Car_Parts,89,8,65,15.43,1.02,15.43,5600
202511,BoxFast,BFX40092860192X,1,72hs,"Kingsway Leatherite Classic Stiched Steering Cover Suitable for Maruti Suzuki Wagon R, Model Year : 2003 - 2010, Color : B...",car & motorbike,Car Parts,Car_Parts,96,5,14,2.24,11.6,11.6,3000
202511,BoxFast,BFX41140660980X,2,48hs,"K D Side/Door Mirror for Hyundai Xcent / I10 Grand Manual (Right/Driver Side)",car & motorbike,Car Parts,Car_Parts,32,36,105,40.32,15.83,40.32,9900
202511,BoxFast,BFX41125389704X,1,48hs,"DS ENTERPRISE Half Chrome Side Beading Moulding with 3M Adhesive Tape for Toyota Urban Cruiser Hyryder All Models - Chrome...",car & motorbike,Car Parts,Car_Parts,114,62,19,44.76,16.23,44.76,7900
202511,BoxFast,BFX44238184350X,3,72hs,"Pit Zone - Magnite Fog Lamp for Nissan | Fog Light White Light LED Fog Light Assembly Fog Lamp Compatible with All Cars - ...",car & motorbike,Car Parts,Car_Parts,53,26,106,48.69,24.69,48.69,11150
202511,BoxFast,BFX45245845479X,3,72hs,"Car Rat Protection Powder Car Sheild Rat Repellent Powder for Car (10 Gram) Pack of 5",car & motorbike,Car Parts,Car_Parts,79,27,93,66.12,4.32,66.12,16300
202511,BoxFast,BFX49796896857X,1,24hs,"AutoClean Diesel Filter + Oil Filter + Air Filter Set For Verna Fluidic (2011-2016) (Pack of 3)",car & motorbike,Car Parts,Car_Parts,85,14,114,45.22,18.71,45.22,10800
202511,BoxFast,BFX45999686400X,1,48hs,"Automart Car Mud Flap/Gurad Compatible With Honda City ZX 2003-2008 (Set Of 4 Pcs.)",car & motorbike,Car Parts,Car_Parts,80,24,7,4.48,28.28,28.28,5750
202511,BoxFast,BFX47236257201X,2,24hs,"Kandid Bike Tyre Light LED Wheel Light with Motion Sensor For Tvs Apache (White & Orange) - Set of 2",car & motorbike,Car Parts,Car_Parts,73,25,30,18.25,29.9,29.9,9000
202511,BoxFast,BFX43576315576X,3,48hs,"Stick&Seal B-Shape Rubber Product, Door Seal Strip for Cars, SUV and Other Vehicles, 4 Meters Long with 3M Tape (1)",car & motorbike,Car Parts,Car_Parts,59,22,11,4.76,0.4,4.76,3350
202511,BoxFast,BFX43862382330X,1,24hs,"Osram H4 Rallye 62218RL Car Headlight Bulb (12V, 130/100W)",car & motorbike,Car Parts,Car_Parts,79,29,53,40.47,29.18,40.47,9900
202511,BoxFast,BFX42415674524X,1,48hs,"Alco Universal Car Front Bumper License Plate Mount Bracket Holder Off-Road LED Light Bar for Car",car & motorbike,Car Parts,Car_Parts,109,24,109,95.05,3.75,95.05,12600
202511,BoxFast,BFX48170244247X,3,48hs,"Allextreme EXTGTF1 Gear Shift Knob Manual Automatic Transmission Aluminum Alloy Shifter Stick Lever with Soft Head Grip Co...",car & motorbike,Car Parts,Car_Parts,48,55,93,81.84,16.15,81.84,19550
202511,BoxFast,BFX40879161103X,2,72hs,"K D Front Bumper/ Corner Light for Innova Crysta (Right/ Driver Side)",car & motorbike,Car Parts,Car_Parts,62,28,86,49.77,7.47,49.77,9000
202511,BoxFast,BFX42247911789X,1,48hs,"Kwrap Car Door Handle Scratches Guard Protector 4+1 pcs Sticker Protective Cover Film for Hyundai (Verna)",car & motorbike,Car Parts,Car_Parts,23,61,103,48.17,18.23,48.17,8650
202511,BoxFast,BFX47519242219X,3,72hs,"Auto World Front Show Grill Cover for old XUV 500 Type 1 from 2011-2015 models only",car & motorbike,Car Parts,Car_Parts,44,49,5,3.59,1.21,3.59,2800
202511,BoxFast,BFX44108017045X,3,24hs,"AutoBling Right Side Rear View Mirror Compatible with Maruti Suzuki Ritz",car & motorbike,Car Parts,Car_Parts,93,52,96,154.75,7.23,154.75,24400
202511,BoxFast,BFX40022357244X,3,48hs,"Anti-Scratch Bump Shift Knob Protective Cover (Black) Medium",car & motorbike,Car Parts,Car_Parts,78,48,41,51.17,9.09,51.17,19550
202511,BoxFast,BFX49623741599X,1,72hs,"Spedy Car Gear Lever Leatherette Cover Black For Toyota Qualis speboone670",car & motorbike,Car Parts,Car_Parts,27,74,85,56.61,27.48,56.61,10500
202511,BoxFast,BFX45295506575X,1,72hs,"MEC® Multi-Vehicle 9.5cms Oil Filter Wrench Clamp Model for Balero, Tata Sumo, Jeep, Contessa & other Medium Heavy Vehicles",car & motorbike,Car Parts,Car_Parts,66,22,93,45.01,17.55,45.01,7200
202511,BoxFast,BFX40385970922X,2,24hs,"AUTOXYGEN Back Bumper Rear Reflector DRL For Ecosport - Set of 2 Pcs",car & motorbike,Car Parts,Car_Parts,98,79,84,216.78,21.28,216.78,19700
202511,BoxFast,BFX47506682450X,1,48hs,"Kingsway Leatherite Classic Stiched Steering Cover Suitable for Maruti Suzuki Wagon R, Model Year : 2003 - 2010, Color : B...",car & motorbike,Car Parts,Car_Parts,16,18,53,5.09,20.31,20.31,5050
202511,BoxFast,BFX43093318392X,3,48hs,"AMARIO Left and Right Fog Light Bezel Cover with Chrome Detailing for Innova Type 4 - Set of 2",car & motorbike,Car Parts,Car_Parts,9,12,75,2.7,11.83,11.83,5600
202511,BoxFast,BFX45704667505X,3,48hs,"MOMO PU Steering Wheels Covers Car Steering Wheel Cover Anti-Slip 370 mm Black & Red(SWC14BRS)",car & motorbike,Car Parts,Car_Parts,48,67,59,63.25,0.52,63.25,19550
202511,BoxFast,BFX44068166097X,3,48hs,"Allure Auto® (Metal) Black Car Engine Start Stop Switch Lambo Style Button Cover Decorative Auto Accessories Push Button S...",car & motorbike,Car Parts,Car_Parts,80,72,77,147.84,3.3,147.84,19550
202511,BoxFast,BFX42705359562X,2,24hs,"AUTO MT 2PC MARUTI GYPSY KING 4x4 FRONT BUMPER INDICATOR for MARUTI GYPSY",car & motorbike,Car Parts,Car_Parts,39,9,58,6.79,13.82,13.82,5600
202511,BoxFast,BFX40344405804X,2,24hs,"JPC-T2100 Jeep Compass TechNix Transmission Mounting-RR",car & motorbike,Car Parts,Car_Parts,99,49,50,80.85,28.24,80.85,19700
202511,BoxFast,BFX45969164842X,3,48hs,"Auto Oprema HD Car Rear View Mirror Anti Fog Rainproof Waterproof Film Protective Film 100 x 145 mm -2 Pieces",car & motorbike,Car Parts,Car_Parts,102,42,28,39.98,7.54,39.98,11150
202511,BoxFast,BFX48562444470X,3,24hs,"UNO MINDA S03020-000M00 Clutch Switch-FORC TRVLLR/TRAX for Force Traveller/TRAX",car & motorbike,Car Parts,Car_Parts,65,19,49,20.17,20.98,20.98,9750
202511,BoxFast,BFX46430290380X,2,48hs,"Oshotto Mud Flap (O.E.M Type) Compatible with Volkswagen Polo 2014,2015,2016,2017,2018,2019 (T-II) (Set of 4)",car & motorbike,Car Parts,Car_Parts,47,43,88,59.28,24.82,59.28,15750
202511,BoxFast,BFX42301683407X,3,24hs,"Grodd Chrome Beading Trim Molding Side Body Chrome Moulding Trim Strip(Self Adhesive) for Door Window Bumper Scratch-Proof...",car & motorbike,Car Parts,Car_Parts,6,56,105,11.76,27.21,27.21,11150
202511,BoxFast,BFX44960316493X,1,72hs,"PALAUTOLIGHTS Right Side Mirror Cover/Cap for Toyota Etios 1st generation(2011-2013)",car & motorbike,Car Parts,Car_Parts,99,47,16,24.82,8.88,24.82,4200
202511,BoxFast,BFX45602497765X,1,48hs,"A2D? 12028 12V / 36W DC Led Full Cobe H4 / HS1 Bright Bike LED Headlight Bulb Replacement White for Bajaj Discover 125M",car & motorbike,Car Parts,Car_Parts,108,43,26,40.25,27.95,40.25,7900
202511,BoxFast,BFX46951773285X,3,24hs,"TRP TRADERS® Brushed Stainless Steel Rear Brake Oil Container Guard for Royal Enfield Himalayan",car & motorbike,Car Parts,Car_Parts,54,71,63,80.51,18.28,80.51,24400
202511,BoxFast,BFX49838648043X,2,24hs,"CARIZO i-Pop Car Door Scratch Guard/Protector White for Honda Amaze (Type-I) 2013-2016",car & motorbike,Car Parts,Car_Parts,63,19,86,34.31,15.3,34.31,10100
202511,BoxFast,BFX47447253080X,2,24hs,"Speedwav Car Dashboard Cover Carpet STYLE Grey For Tata Indigo eCS Dascov27",car & motorbike,Car Parts,Car_Parts,91,51,24,37.13,23.37,37.13,11250
202511,BoxFast,BFX48767307696X,1,48hs,"ZIP Car AC filter suitable for Mahindra SCORPIO CRDE Old Model - ZC-6101",car & motorbike,Car Parts,Car_Parts,84,27,42,31.75,7.24,31.75,6500
202511,BoxFast,BFX42274716168X,2,48hs,"Auto Hub Car Wiper Blade Compatibility with Chevrolet Beat - Set of 2 Pcs (D-22,P-16)",car & motorbike,Car Parts,Car_Parts,18,78,10,4.68,24.4,24.4,6300
202511,BoxFast,BFX41891655429X,3,48hs,"Car Number Plate Chrome Frame (Front & Rear) for Mahindra Thar Type -2 (2020 - Present)",car & motorbike,Car Parts,Car_Parts,82,21,11,6.31,19.53,19.53,6700
202511,BoxFast,BFX46785059208X,3,48hs,"MATIES Police Horn 12V/ 3 Tones Wireless Electronic Siren Loud Car Warning Alarm Police Siren Horn For Sonet-Kia-2020",car & motorbike,Car Parts,Car_Parts,112,70,21,54.88,24,54.88,19550
202511,BoxFast,BFX45156113313X,1,24hs,"Shree CAR Compatible Tape Chrome OE Type Front Grill U Logo for Brezza (4Pcs)",car & motorbike,Car Parts,Car_Parts,91,51,89,137.68,25.69,137.68,15750
202511,BoxFast,BFX40745413175X,3,72hs,"AUTOPOWERZ Universal Bike & Cars Horn Relay",car & motorbike,Car Parts,Car_Parts,59,18,105,37.17,18.56,37.17,9300
202511,BoxFast,BFX41124859046X,1,72hs,"STYCARO- Side View Mirror Glass Plate compatible with Hyundai Venue 2019-2021 Model (RIGHT SIDE (DRIVER SIDE))",car & motorbike,Car Parts,Car_Parts,64,61,62,80.68,1.2,80.68,10500
202511,BoxFast,BFX48707395371X,3,48hs,"ModifyStyle Side Beading/Side Cladding/Door Garnish/Door Protector Chrome Suitable for Toyota Etios Liva (2011 to 2013) Ty...",car & motorbike,Car Parts,Car_Parts,32,21,25,5.6,9,9,4450
202511,BoxFast,BFX44928611480X,2,24hs,"Zimba Steel Guards for Activa I",car & motorbike,Car Parts,Car_Parts,80,22,111,65.12,26.35,65.12,19700
202511,BoxFast,BFX40101563662X,1,72hs,"GKS Side Mirror for Hyundai I10 Kapa (Left Side)",car & motorbike,Car Parts,Car_Parts,30,29,37,10.73,18.85,18.85,3600
202511,BoxFast,BFX43906367305X,2,24hs,"HUDMOZ - Car Rear Dicky Chrome Boot Garnish Compatible with Hyundai Alcazar",car & motorbike,Car Parts,Car_Parts,42,55,22,16.94,26.71,26.71,9000
202511,BoxFast,BFX45236796467X,2,24hs,"EXOME® Waterproof High Power 21 Led White Bar Fog Light for Off-Roading & Highway Driving for Universal Car (Pack of 2 Hea...",car & motorbike,Car Parts,Car_Parts,33,32,21,7.39,11.6,11.6,5600
202511,BoxFast,BFX48509998596X,3,48hs,"Car Exterior Black Chrome Combo Accessories Kit for Mahindra Thar (Set of 15Pcs)",car & motorbike,Car Parts,Car_Parts,41,46,45,28.29,15.19,28.29,8950
202511,BoxFast,BFX41295013456X,2,48hs,"meenu arts High Tone Double Horn with Wire (12V, 400 Hz, 105-118 dB) Universal for All Bikes G-03",car & motorbike,Car Parts,Car_Parts,45,45,90,60.75,25.89,60.75,15750
202511,BoxFast,BFX43562286302X,1,24hs,"Hella 328150011 Fog Lamp with Cover(12V, 55W,Yellow Light)",car & motorbike,Car Parts,Car_Parts,11,17,51,3.18,22.88,22.88,6300
202511,BoxFast,BFX42894380304X,1,72hs,"myTVS Frameless Wiper Blade for Toyota Innova (26 x 16)",car & motorbike,Car Parts,Car_Parts,87,20,56,32.48,11.39,32.48,5400
202511,BoxFast,BFX44455542439X,1,24hs,"Pursuestar Bling Bling Crystal Air Conditioner Control Switch Knob Regulator Caps Diamond Cover Decals Decorations Trim fo...",car & motorbike,Car Parts,Car_Parts,54,26,44,20.59,0.78,20.59,6300
202511,BoxFast,BFX43984264788X,2,24hs,"Trigcars M A R U T I Alto 800 Type 1 Car 72W 9000LM 6500K Head Light LED Bulb Set of 2 Cool White",car & motorbike,Car Parts,Car_Parts,115,19,114,83.03,26.42,83.03,19700
202511,BoxFast,BFX44918141753X,2,48hs,"VEMOTO™ High-End Car Armrest for Front Seats with Foldable Bottle Holder and Storage Compartment for TATA Tigor & Tiago",car & motorbike,Car Parts,Car_Parts,23,74,84,47.66,23.61,47.66,10800
202511,BoxFast,BFX44375685458X,3,24hs,"Car Door Side Beading Chrome for Hyundai Creta (2018-2019)",car & motorbike,Car Parts,Car_Parts,81,32,82,70.85,13.53,70.85,24400
202511,BoxFast,BFX44393943145X,1,48hs,"STYCARO-Right Driver Side Mirror Lower Cap compatible with Honda Jazz 2015-2020 Type 2 Model -set of 1",car & motorbike,Car Parts,Car_Parts,23,33,55,13.92,16.43,16.43,4300
202511,BoxFast,BFX42106938535X,3,48hs,"CARIZO Seude Red Steering Wheel Cover, Men's and Women's Safe and Non-Slip Car Accessory Compatible with Range Rover Evoque",car & motorbike,Car Parts,Car_Parts,67,55,66,81.07,6.21,81.07,19550
202511,BoxFast,BFX49358207493X,3,24hs,"UNO Minda TL-6528MB Tail Light Assembly without Wire & Bulb Holder - Left for Maruti Wagon R Type 3",car & motorbike,Car Parts,Car_Parts,60,64,107,136.96,12.42,136.96,24400
202511,BoxFast,BFX45879197643X,2,72hs,"ISEE 360® Car Stickers Compatible with Skoda Stickers for Car Exterior Door Grill Bumper Skoda Sport Decals L x H 30 x 4 C...",car & motorbike,Car Parts,Car_Parts,55,56,81,83.16,4.98,83.16,13100
202511,BoxFast,BFX47567186144X,3,72hs,"Car Craft Front Bumper Grill Compatible With Bmw 3 Series E90 2008-2012 Front Bumper Grill Carbon Fiber Look",car & motorbike,Car Parts,Car_Parts,79,45,99,117.32,6.4,117.32,16300
202511,BoxFast,BFX46113364726X,1,24hs,"FEDUS 12V 110db Black Super Loud Universal Tuk Tuk Car Motorcycle Vehicle Reverse Gear Safety Horn Car Reverse/Back Gear T...",car & motorbike,Car Parts,Car_Parts,100,79,9,23.7,25.41,25.41,7200
202511,BoxFast,BFX41554684070X,2,24hs,"Pivalo M1 Multifunctional Inflatable Car Bed Mattress Universal Car Back Seat Travel Air Inflation with Two Air Pillows, C...",car & motorbike,Car Parts,Car_Parts,39,73,104,98.7,10.94,98.7,19700
202511,BoxFast,BFX45865555804X,2,24hs,"Allextreme EXFS02 Gear Shift Shoe Protector Scuff Mark Protection Shifter Cover for Motorcycle, Bike and Riding Black",car & motorbike,Car Parts,Car_Parts,103,17,115,67.12,24.46,67.12,19700
202511,BoxFast,BFX42642302519X,3,72hs,"Willys Classic Chrome Indicator Light Used at Front Grill Pair",car & motorbike,Car Parts,Car_Parts,23,14,82,8.8,14.27,14.27,4650
202511,BoxFast,BFX41272129655X,3,48hs,"Auto Spare World Door Handle Chrome /Catch Cover Compatible with Tata Nexon 2017 Set of 4 Pcs, Silver",car & motorbike,Car Parts,Car_Parts,36,33,115,45.54,2.22,45.54,13400
202511,BoxFast,BFX44404285817X,3,24hs,"12Vdc Stable Wm686 Car Relay, Start Relay, For Vehicles",car & motorbike,Car Parts,Car_Parts,38,67,70,59.41,10.91,59.41,24400
202511,BoxFast,BFX49986493788X,2,24hs,"Race Black Colour Stylist ABS Premium Car Side Beading/Door Garnish with Silver Chrome Line Strip in Middle Compatible wit...",car & motorbike,Car Parts,Car_Parts,115,78,37,110.63,4.83,110.63,19700
202511,BoxFast,BFX48124989483X,1,24hs,"Ride2joy Car Reflector Led Brake Light for Innova Crysta Bumper(Rear/Back) Drl with Wiring (Red) - Set of 2",car & motorbike,Car Parts,Car_Parts,16,57,75,22.8,20.84,22.8,6300
202511,BoxFast,BFX48875271610X,3,72hs,"Digital Craft 1/4 Inline Air Oil Water Separator Filter Kit for Compressor Spray Paint Gun Tools",car & motorbike,Car Parts,Car_Parts,49,56,77,70.43,27.35,70.43,16300
202511,BoxFast,BFX49558476179X,2,24hs,"Sca Car Door Sill Plate Non-led Stainless Steel Footstep Scuff Plate for Kia Seltos All Model Set of-4",car & motorbike,Car Parts,Car_Parts,52,20,21,7.28,22.92,22.92,7900
202511,BoxFast,BFX45214153087X,2,24hs,"Samarth Deals Custom Fit Wooden Arm Rest (Black Colour) for - Tiago",car & motorbike,Car Parts,Car_Parts,97,48,28,43.46,23.38,43.46,12400
202511,BoxFast,BFX47930649620X,2,24hs,"Allure Auto® (3R-2151) Car Universal Steering Wheel Spinner Knob Auxiliary Booster Aid Control Handle Auto Spinner Knob Ba...",car & motorbike,Car Parts,Car_Parts,59,16,38,11.96,25.87,25.87,9000
202511,BoxFast,BFX42609330065X,1,48hs,"MODIFIED AUTOS POWER WINDOW SWITCH FRONT LEFT (CO-DRIVER SIDE) SINGLE BUTTON SILVERISH GREY FOR TATA VISTA/MANZA",car & motorbike,Car Parts,Car_Parts,117,44,68,116.69,23.32,116.69,12600
202511,BoxFast,BFX41000522940X,1,48hs,"VAISHNU H7 Headlight Holder in BAKELITE for 35 W - 130 W Bulbs Part no 01379 - pack of 2 pcs",car & motorbike,Car Parts,Car_Parts,90,17,22,11.22,17.1,17.1,4300
202511,BoxFast,BFX46440429309X,2,24hs,"AUTOFASTERS Car Bumper Fog Lamp Lights for Swift, Baleno, Wagoner, S-Cross, XL6, Ertiga, Brezza, Celerio, Nexon, Harrier, ...",car & motorbike,Car Parts,Car_Parts,85,7,94,18.64,21.46,21.46,7900
202511,BoxFast,BFX47622519354X,3,24hs,"Speedwav Throttle/Accelerator Cable For Royal Enfield Electra 5S C_70",car & motorbike,Car Parts,Car_Parts,91,78,17,40.22,12.54,40.22,15350
202511,BoxFast,BFX45656639098X,3,24hs,"G A AUTO ACCESSORIES Radiator Guard for KTM Duke 390 and 250 New Model",car & motorbike,Car Parts,Car_Parts,21,72,114,57.46,2.22,57.46,24400
202511,BoxFast,BFX46122922910X,3,24hs,"Guance LED Fog Lamp For hyundai verna fluidic grill 2014 model",car & motorbike,Car Parts,Car_Parts,55,56,83,85.21,21.2,85.21,24400
202511,BoxFast,BFX49978366281X,2,48hs,"DCZ® New T10 Waterproof RGB LED Parking Bulb, Flashing Light,SMD Bulbs with IR Remote Control for All Universal Car light",car & motorbike,Car Parts,Car_Parts,71,51,44,53.11,21.68,53.11,15750
202511,BoxFast,BFX41709537389X,2,72hs,"GENERIC Car O.E Type Mud Flaps/Mudguard for Hyundai i20 Elite (2014-2018)",car & motorbike,Car Parts,Car_Parts,26,20,48,8.32,6.79,8.32,3000
202511,BoxFast,BFX45747192669X,1,48hs,"BuBu Car Full Chrome Door Side Beading Moulding Compatible for Maruti Suzuki Ignis All Model car (Set of 4)",car & motorbike,Car Parts,Car_Parts,16,47,85,21.31,28.62,28.62,5750
202511,BoxFast,BFX47800634058X,3,48hs,"R.J.VON Universal Antenna Black L-20 cm for RE Classic Standard, Electra,Himalayan,Jawa,Yamaha,Pulsar,Hero",car & motorbike,Car Parts,Car_Parts,18,61,15,5.49,1.67,5.49,4450
202511,BoxFast,BFX42182268955X,3,72hs,"GIZMO 5 Pieces Repairing Tool Set Hero Honda & CD100 Motorbike Made on CNC Machine -Magnet/Flywheel Puller, Clutch Nut Spa...",car & motorbike,Car Parts,Car_Parts,95,44,88,122.61,22.11,122.61,16300
202511,BoxFast,BFX45477106509X,3,48hs,"BOROLA Blind Spot Mirror, 360 Degree Round HD Glass Rearview Parking Mirror (Black, Pack of 2)",car & motorbike,Car Parts,Car_Parts,80,24,69,44.16,29.06,44.16,12300
202511,BoxFast,BFX48669928482X,1,72hs,"Auto Spare World Finger Guard Chrome Bowl Compatible With Maruti Suzuki WagonR 2019 (Set of 4 Pcs.)",car & motorbike,Car Parts,Car_Parts,35,32,30,11.2,9.34,11.2,3000
202511,BoxFast,BFX42781411006X,2,72hs,"CLOUDS Plastic Rubber Rear Wiper Blade Set for Hyundai I-10 - Pack of 2",car & motorbike,Car Parts,Car_Parts,89,68,109,219.89,27.38,219.89,13100
202511,BoxFast,BFX44883352542X,2,24hs,"Bosch 3397005296 Eco Quick Clip Wiper Blade for Passenger Cars (22"", Pack of 2)",car & motorbike,Car Parts,Car_Parts,84,22,77,47.43,24.81,47.43,13500
202511,BoxFast,BFX49172016963X,3,72hs,"Speedwav FBA Car Rear View Side Mirror Glass Right for Maruti Ritz",car & motorbike,Car Parts,Car_Parts,99,77,23,58.44,22.35,58.44,16300
202511,BoxFast,BFX45545121399X,2,24hs,"Philips H11 12362 Diamond Vision Headlight Bulb (12V, 55W)",car & motorbike,Car Parts,Car_Parts,110,61,81,181.17,28.62,181.17,19700
202511,BoxFast,BFX48897282090X,3,24hs,"KYLO OEM Type LED Left Side Mirror Light Indicators for Cars| Turn Signal Lamp for Car Drivers For Changing Lanes (Corolla...",car & motorbike,Car Parts,Car_Parts,106,72,52,132.29,19.66,132.29,24400
202511,BoxFast,BFX41988540112X,1,24hs,"AUTO MT Police Revolving Light Led Rotating Emergency Roof Warning Round Light for VIP CAR All Vehicles CAR SUV MUV VIP Ca...",car & motorbike,Car Parts,Car_Parts,23,42,93,29.95,14.9,29.95,7200
202511,BoxFast,BFX49188797275X,1,24hs,"Vagary Air Intake Cover Filter Dust Protection Nose Grill for Yamaha YZF R15 V3 (BLUE)",car & motorbike,Car Parts,Car_Parts,93,19,62,36.52,20.3,36.52,9000
202511,BoxFast,BFX47122621452X,1,24hs,"Allextreme EX10RP2 Universal T10 LED Parking Light Super Bright Interior Pilot License Plate Dome Indicator Lamp Bulb for ...",car & motorbike,Car Parts,Car_Parts,48,4,120,7.68,12.41,12.41,4500
202511,BoxFast,BFX41964047926X,1,48hs,"AUTOSMARTLOOK Car 90CM Rear Windshield Brake Strip LED Red Warning Light for Maruti Baleno",car & motorbike,Car Parts,Car_Parts,49,44,112,80.49,9.81,80.49,12600
202511,BoxFast,BFX48459653712X,2,72hs,"Maruti Gypsy Side Door Sash PVC Patti Set Black Colour",car & motorbike,Car Parts,Car_Parts,79,33,9,7.82,2.56,7.82,3000
202511,BoxFast,BFX44082643410X,2,24hs,"Speedwav 2Pcs Universal Motorcycle Flush Mount LED Turn Signal Indicator Amber Lights Flush-23",car & motorbike,Car Parts,Car_Parts,73,10,52,12.65,11.4,12.65,5600
202511,BoxFast,BFX46967203046X,2,48hs,"Vagary Magic Tyre Flash Bike Wheel LED Light for Yamaha YZF R15 V3 - Blue",car & motorbike,Car Parts,Car_Parts,51,75,28,35.7,24.12,35.7,9000
202511,BoxFast,BFX43194922704X,3,72hs,"UNO MINDA 850081 Horn Relay - (PMP Type) - with 3 wires - 12V/30A",car & motorbike,Car Parts,Car_Parts,120,78,57,177.84,28.37,177.84,16300
202511,BoxFast,BFX43075346726X,2,72hs,"Frixen Car Steering Wheel Knob, Steering Wheel Ball Knob Spinner Knob, Steering Wheel Spinner Knob Steering Wheel Control ...",car & motorbike,Car Parts,Car_Parts,22,31,21,4.77,29.26,29.26,6000
202511,BoxFast,BFX42179432358X,2,24hs,"AUTO MOTO Stain Less Steel Silver Color Non-led Footstep Door Sill Plate for Toyota Urban Cruiser (Set of 4)",car & motorbike,Car Parts,Car_Parts,13,54,67,15.68,6.28,15.68,6750
202511,BoxFast,BFX47394797972X,2,24hs,"PBTA Halogen Side Indicator/Turning Light Set for Bajaj Platina All Models (Platina White) - Pack Of 4",car & motorbike,Car Parts,Car_Parts,5,34,22,1.25,17.19,17.19,6750
202511,BoxFast,BFX43447579152X,3,72hs,"SGTB Stainless Steel Handle Brake Oil Pump Cover for KTM Duke 390",car & motorbike,Car Parts,Car_Parts,98,41,77,103.13,17.31,103.13,16300
202511,BoxFast,BFX47682644340X,3,48hs,"UNO Minda HL-5669AM Head Light without parking with Rim RH-HCV for Eicher Canter",car & motorbike,Car Parts,Car_Parts,50,51,57,48.45,5.36,48.45,13400
202511,BoxFast,BFX48647151850X,1,72hs,"ARWY Vinyl Police Logo Car Bike Sticker, 0.11 x 7.67 x 0.78 Inches, Blue Red",car & motorbike,Car Parts,Car_Parts,54,34,120,73.44,17.49,73.44,10500
202511,BoxFast,BFX48018558576X,1,24hs,"K T I® 600mm Rubber Wheel Stopper for Block Car Wheels to Control Damage with Installation Kit, Protect Vehicle Bumpers an...",car & motorbike,Car Parts,Car_Parts,79,65,106,181.44,10.95,181.44,15750
202511,BoxFast,BFX44864365612X,3,48hs,"Bosch F002H23937 Rear Brake Disc for Toyota Corolla",car & motorbike,Car Parts,Car_Parts,53,16,74,20.92,28.28,28.28,8950
202511,BoxFast,BFX44422282804X,2,48hs,"STEERING CROSS/COLUMN ROD TATA ACE HT LATEST MODEL 23""",car & motorbike,Car Parts,Car_Parts,70,54,57,71.82,7.73,71.82,15750
202511,BoxFast,BFX42623156256X,3,48hs,"Bosch 0986AB75258F8 All Weather Performance Front Brake Pad for Maruti 800CC (Set of 4)",car & motorbike,Car Parts,Car_Parts,8,79,88,18.54,25.07,25.07,8950
202511,BoxFast,BFX46005048254X,2,72hs,"Uno Minda FF-5056AM Fog Light with Bulb-LH for Mahindra Scorpio Type 2",car & motorbike,Car Parts,Car_Parts,20,69,82,37.72,26.92,37.72,7500
202511,BoxFast,BFX49610083872X,3,48hs,"VIHM Shifter Gear Keychain ,6 Speed Shifter Keychain,Mini Car Gear Shift Stick Knob Keyring Manual Transmission Gearbox Ke...",car & motorbike,Car Parts,Car_Parts,112,5,21,3.92,22.1,22.1,7800
202511,BoxFast,BFX49194365000X,1,48hs,"Car Roof LED Light Car Backseat Reading LED Light Wireless Car Interior LED Light Magnetic Car Roof LED Gadgets Portable a...",car & motorbike,Car Parts,Car_Parts,55,11,48,9.68,6.52,9.68,2900
202511,BoxFast,BFX49805349484X,3,72hs,"MARQUEONN Rubber Car Bumper Protector Guard with Double Chrome Strip for Car 4Pcs - Black (for All car)",car & motorbike,Car Parts,Car_Parts,21,51,120,42.84,7.89,42.84,10250
202511,BoxFast,BFX40788292940X,1,48hs,"Moto Modz-Race Dynamics Flash X Hazard Module, Blinker/Flasher for RS200 (BS6 ) Plug N Play ( 60 Patterns",car & motorbike,Car Parts,Car_Parts,45,75,42,47.25,29.14,47.25,8650
202511,BoxFast,BFX48479034547X,3,24hs,"BLUERIDE® Square Shape Car Windtone Horn38 with Raley and Wire for Hyundai Creta (Set of 2 Horn with Relay and Wire, Black)",car & motorbike,Car Parts,Car_Parts,41,68,6,5.58,2.37,5.58,5600
202511,BoxFast,BFX41389269378X,1,72hs,"Haojavo 2 Pack Case Compatible for Apple Watch Series 8 Series 7 41mm with Tempered Glass Screen Protector, Full Hard Ultr...",car & motorbike,Car Parts,Car_Parts,34,73,101,83.56,3.6,83.56,10500
202511,BoxFast,BFX42082867369X,2,24hs,"PA Handle Bar (Silver) Universal for Bajaj Pulsar Ug3 150/180",car & motorbike,Car Parts,Car_Parts,36,13,113,17.63,29.36,29.36,9000
202511,BoxFast,BFX45408243504X,3,48hs,"Kozdiko Car O.E Type Mud Guard Flaps for Hyundai Old i20 (2008-2014)",car & motorbike,Car Parts,Car_Parts,88,43,81,102.17,23.33,102.17,19550
202511,BoxFast,BFX41428471431X,3,72hs,"ISEE 360® Bike Sticker Compatible for Royal Enfield (2 Pieces) Vinyl Die Cut Decals/Bumper Stickers Windows, Cars, Trucks,...",car & motorbike,Car Parts,Car_Parts,14,59,78,21.48,22.42,22.42,6500
202511,BoxFast,BFX43569459621X,3,48hs,"ISEE 360® Car Petrol Exterior Decal for Fuel Lid Petrol Tank Sides Sporty Sticker Vinyl Petrol Model No : 1067",car & motorbike,Car Parts,Car_Parts,38,51,45,29.07,4.89,29.07,8950
202511,BoxFast,BFX42050651654X,2,48hs,"Hella Comet 500 White Light Universal Fog Lamp (12V,55W,White Light)",car & motorbike,Car Parts,Car_Parts,57,63,46,55.06,14.72,55.06,15750
202511,BoxFast,BFX45394601863X,2,72hs,"Hella Comet 550 White Light Universal Fog Lamp (12V,55W,Yellow Light)",car & motorbike,Car Parts,Car_Parts,66,18,111,43.96,25.24,43.96,8250
202511,BoxFast,BFX41942147780X,3,48hs,"UNO Minda H3-7004- H3 24V 70W FOG LIGHT BULB COMMERCIAL VEHICLES",car & motorbike,Car Parts,Car_Parts,106,38,104,139.64,9.93,139.64,19550
202511,BoxFast,BFX44282248432X,3,48hs,"Allure Auto® (Black 4 Pcs Car Truck Aluminum Interior Door Lock Knob Pins Cover Car SUV Truck Automobile Universal for Veh...",car & motorbike,Car Parts,Car_Parts,111,37,62,84.88,5.86,84.88,19550
202511,BoxFast,BFX43773885132X,3,24hs,"Car Number Plate Chrome Frame (Front & Rear) for Mahindra Thar Type -2 (2020 - Present)",car & motorbike,Car Parts,Car_Parts,37,76,41,38.43,0.43,38.43,13950
202511,BoxFast,BFX47982182124X,2,24hs,"MIZZEO Steering Wheel Booster Cover Carbon Fibre Non-Slip Steering Wheel Grip Design (Carbon Black) Compatible with Kia Sonet",car & motorbike,Car Parts,Car_Parts,66,18,26,10.3,18.71,18.71,6750
202511,BoxFast,BFX41326261652X,1,24hs,"Yamaha rx100 carburetor",car & motorbike,Car Parts,Car_Parts,4,27,6,0.22,8.88,8.88,3600
202511,BoxFast,BFX41465572331X,3,48hs,"NAVAM Brand - Anti-Scratch Bump Shift Knob Protective Cover For Hyundai i20 sprotz 2018_Black -Color",car & motorbike,Car Parts,Car_Parts,75,3,61,4.58,25.92,25.92,8950
202511,BoxFast,BFX41098135845X,3,72hs,"Auto Spare World Dicky Patti/Chrome Boot Garnish Compatible With Mahindra Xylo Set of 1 Pcs.",car & motorbike,Car Parts,Car_Parts,20,13,69,5.98,8.58,8.58,3700
202511,BoxFast,BFX40039774837X,2,72hs,"Osram 100W Mr16 Halogen Clear Halogen Lamp (64627)",car & motorbike,Car Parts,Car_Parts,10,79,83,21.86,4.63,21.86,5250
202511,BoxFast,BFX47116461436X,3,48hs,"Car Craft Cigarette Lighter Compatible With Bmw 1 Series 2 Series 3 Series 5 Series 6 Series 7 Series X1 X3 X4 X5 X6 Z4 Ci...",car & motorbike,Car Parts,Car_Parts,81,68,98,179.93,28.82,179.93,19550
202511,BoxFast,BFX46107998976X,3,24hs,"Car Side Decals(Universal) for All Cars_5.1 Decals",car & motorbike,Car Parts,Car_Parts,23,22,47,7.93,28.95,28.95,11150
202511,BoxFast,BFX47647855130X,2,24hs,"VVWV Car Stickers Exterior for Sides Hood Bumper Vinyl Die Cut White Colour Deer Family Decals L X H 20 X 20 cm",car & motorbike,Car Parts,Car_Parts,58,57,24,26.45,20.58,26.45,9000
202511,BoxFast,BFX48821540217X,2,72hs,"PALAUTOLIGHTS Compatible for Santro Xing Side View Mirror- Left Side/Passenger Side",car & motorbike,Car Parts,Car_Parts,14,48,102,22.85,27.86,27.86,6000
202511,BoxFast,BFX48716123004X,3,24hs,"UNO MINDA S21045-000E00 Power Window Switch - Main (4)- with Window Lock - Black Finish",car & motorbike,Car Parts,Car_Parts,90,73,93,203.67,4.94,203.67,24400
202511,BoxFast,BFX42463372823X,2,48hs,"RACE COPZ™ Water Proof neon led Flexible Strip Light for Motorcycle Purple,2 pcs - 30cm",car & motorbike,Car Parts,Car_Parts,93,25,66,51.15,13.86,51.15,15750
202511,BoxFast,BFX42262745559X,3,72hs,"Vagary 2pc Yellow BLue LED Turn Signal Arrow DRL Indicators Light Lamp for Honda CB Unicorn 150",car & motorbike,Car Parts,Car_Parts,70,80,9,16.8,6.2,16.8,5600
202511,BoxFast,BFX41266235187X,3,48hs,"Oshotto I-QUE (IIM) Power Handle (SK-018) Car Steering Spinner Wheel Knob Compatible with BMW X1 (Black)",car & motorbike,Car Parts,Car_Parts,101,31,59,61.58,14.42,61.58,19550
202511,BoxFast,BFX47358414465X,2,72hs,"Urban Mediquip® Intake Bacteria Filter for Respironics EverFlow Oxygen Concentrator",car & motorbike,Car Parts,Car_Parts,53,58,76,77.87,23.76,77.87,13100
202511,BoxFast,BFX41157404405X,3,24hs,"ARWY car Sticker car Handle Door Sticker Vinyl Wagon R Logo Door Car Sticker, 3.93 x 0.78 Inches, Grey Red",car & motorbike,Car Parts,Car_Parts,24,33,104,27.46,25.36,27.46,11150
202511,BoxFast,BFX41307633796X,3,72hs,"Durvient Car Door Reflective Warning Sticker (Silver)",car & motorbike,Car Parts,Car_Parts,20,55,63,23.1,0.22,23.1,6500
202511,BoxFast,BFX48921063771X,1,72hs,"Auto_Smart_Look Car Front Grill Chrome Cover U Type for Maruti Suzuki Vitara Brezza",car & motorbike,Car Parts,Car_Parts,28,28,58,15.16,11.75,15.16,3600
202511,BoxFast,BFX44384236806X,2,48hs,"ARWY® Labrador Dog HeartbeatVinyl Decal Car Sticker L x H 19.00 x7.00Cms",car & motorbike,Car Parts,Car_Parts,25,68,49,27.77,29.82,29.82,7200
202511,BoxFast,BFX46995379263X,1,48hs,"Trest Skull Gear Knob Shifter, One-Eyed Pirate Style Car Stick Shift Head Fit Most Manual Automatic Vehicles, Red",car & motorbike,Car Parts,Car_Parts,40,52,53,36.75,17.72,36.75,7200
202511,BoxFast,BFX43908764996X,3,24hs,"MANN FILTER WD 13 145 SPIN ON OIL FILTER",car & motorbike,Car Parts,Car_Parts,27,24,6,1.3,8.96,8.96,5600
202511,BoxFast,BFX49333492541X,1,72hs,"APSMOTIV Combination Outline Marker Side Indicator Flasher Decoration Light Rear Lamp Set 24 Volts for Trucks Trailers Bus...",car & motorbike,Car Parts,Car_Parts,72,77,17,31.42,11.73,31.42,5400
202511,BoxFast,BFX47704597138X,1,24hs,"US1984 Car High Intensity Reflective Stickers Car Side Marker Bumper Safety Warning Sticker Universal Strong Reflective Wa...",car & motorbike,Car Parts,Car_Parts,19,58,92,33.79,9.74,33.79,8100
202511,BoxFast,BFX40631933823X,3,72hs,"Auto E-Shopping Car Window Lower Garnish Stainless Steel Chrome Finish Exterior for Mahindra Xylo Set of 4 Pieces",car & motorbike,Car Parts,Car_Parts,75,35,47,41.12,13.48,41.12,10250
202511,BoxFast,BFX44277906408X,3,24hs,"AXLE SUITABLE FOR SANTRO/SANTRO XING LEFT SIDE",car & motorbike,Car Parts,Car_Parts,41,12,103,16.89,13.39,16.89,8350
202511,BoxFast,BFX44897679195X,3,24hs,"SNA Electric Scooter Electric Bicycle Switch Key Switch Power Lock Electric Bike E-Scooter",car & motorbike,Car Parts,Car_Parts,83,78,51,110.06,15.26,110.06,24400
202511,BoxFast,BFX44470129568X,3,24hs,"AOWBIKES 2X16 SMD LED Interior Car Roof Light/Dome Light for -Honda Brio(White) AOWbikesck of 2",car & motorbike,Car Parts,Car_Parts,63,61,120,153.72,13.99,153.72,24400
202511,BoxFast,BFX49740558405X,1,72hs,"Kozdiko 3.5"" High Power Led Projector Fog Light Cob with White Angel Eye Ring 15W,Set of 2 Pcs for Ford Old Figo (2009-2014)",car & motorbike,Car Parts,Car_Parts,109,54,25,49.05,15.53,49.05,7200
202511,BoxFast,BFX46432104050X,1,72hs,"Kozdiko Car Tube Underglow Underbody Glow System Neon Light IR Remote Control Multi-Color Set of 4 Piece for Audi A4",car & motorbike,Car Parts,Car_Parts,54,67,26,31.36,0.94,31.36,5400
202511,BoxFast,BFX46642225133X,2,24hs,"DESTRA Spark Plug Wire/Ignition Cable for Maruti SX4",car & motorbike,Car Parts,Car_Parts,37,49,73,44.12,1.73,44.12,12400
202511,BoxFast,BFX44124399948X,1,48hs,"Bling Car Accessories Crystal Flower Car hanging Ornament Car Rear View Mirror Charm Bling Colorful Mirror Pendant Lucky C...",car & motorbike,Car Parts,Car_Parts,72,20,98,47.04,11.2,47.04,8650
202511,BoxFast,BFX44012010946X,1,72hs,"XZRTZ LED Strobe Light Aluminum Red Blue Emergency Warning LED Dash Lights Interior Front Windshield Rear Window Safety Fl...",car & motorbike,Car Parts,Car_Parts,80,20,21,11.2,26.56,26.56,4800
202511,BoxFast,BFX41355578059X,3,72hs,"BuySasta Custom Fit Wooden Car Armrest Black for - Indica Vista Car",car & motorbike,Car Parts,Car_Parts,54,8,63,9.07,23.75,23.75,6500
202511,BoxFast,BFX42918316979X,3,24hs,"EXOME DC Power 15 LED Fog Light/Lamp Original Imported, Waterproof Fog Head Lamp, Bar Light Off-Roading For Maruti Suzuki ...",car & motorbike,Car Parts,Car_Parts,68,6,30,4.08,3.39,4.08,4200
202511,BoxFast,BFX45196170364X,3,72hs,"Deutsche Front Stop Switch fir for TVS Apache 150 (Disc Brake) / Apache 160 RTR (Disc Brake) (2012 Model Onwards) / Apache...",car & motorbike,Car Parts,Car_Parts,58,59,90,102.66,14.9,102.66,16300
202511,BoxFast,BFX48910973477X,3,48hs,"Car Craft Fog Lamp Fog Light Compatible With Bmw 5 Series F10 2010-2014 Fog Lamp Fog Light Right 63177216886",car & motorbike,Car Parts,Car_Parts,38,69,70,61.18,18.18,61.18,19550
202511,BoxFast,BFX41721680910X,1,24hs,"Oshotto 2 Pcs Non-Slip Automatic Transmission CS-04 Car Pedals Kit Pad Covers Set Compatible with Toyota Fortuner (Black, ...",car & motorbike,Car Parts,Car_Parts,39,14,80,14.56,14.49,14.56,4500
202511,BoxFast,BFX48414740786X,1,24hs,"Speed 99~RPM Chrome Stainless Steel Lower Window Garnish for Mahindra SCORPIO Set of 6PCS Reusable Outer Packing Exterior ...",car & motorbike,Car Parts,Car_Parts,109,47,36,61.48,20.96,61.48,15750
202511,BoxFast,BFX48198844838X,1,48hs,"Automart Door Handle Chrome/Catch Cover for Hyundai i10 2010-2016 (Set of 6 Pieces )",car & motorbike,Car Parts,Car_Parts,82,11,38,11.43,29.92,29.92,5750
202511,BoxFast,BFX44861093761X,2,72hs,"Dolphin car accessories Mini Universal LED Digital Car Dashboard Clock",car & motorbike,Car Parts,Car_Parts,13,34,79,11.64,2.98,11.64,3750
202511,BoxFast,BFX48060681276X,3,72hs,"Power X Rear Wiper Blade for Hyundai Grand i10",car & motorbike,Car Parts,Car_Parts,116,64,45,111.36,15.51,111.36,16300
202511,BoxFast,BFX44830567689X,3,72hs,"Kingsway Leatherite Classic Stiched Steering Cover Suitable for Maruti Suzuki Wagon R, Model Year : 2003 - 2010, Color : B...",car & motorbike,Car Parts,Car_Parts,86,66,85,160.82,15.42,160.82,16300
202511,BoxFast,BFX46235173773X,3,48hs,"Bosch F002H600408F8 All Weather Performance Front Brake Pad for GM Tavera (Set of 4)",car & motorbike,Car Parts,Car_Parts,7,76,22,3.9,16.92,16.92,6700
202511,BoxFast,BFX43690747498X,1,24hs,"T.O.G. Center Console Armrest Storage Box Interior Accessories for BYD Atto 3 Black Blue",car & motorbike,Car Parts,Car_Parts,88,26,39,29.74,5.09,29.74,7200
202511,BoxFast,BFX42484977873X,1,72hs,"AllExtreme EXCF3P Non-Slip Pedal 3 Pcs Anti-Skid Pedals Kit Racing Sport Manual Car Acceleration Brake Clutch Pad Set Combo",car & motorbike,Car Parts,Car_Parts,72,76,16,29.18,19.19,29.18,4800
202511,BoxFast,BFX43286812532X,1,72hs,"Automaze Cn-League Car Side Door Beading, SS Full Chrome Compatible for Baleno 2022+ Models, Baleno Chrome Accessories",car & motorbike,Car Parts,Car_Parts,110,63,15,34.65,1.43,34.65,5400
202511,BoxFast,BFX44575508930X,1,48hs,"Rear Number Plate Chrome Garnish Patti for Hyundai Santro Xing",car & motorbike,Car Parts,Car_Parts,60,28,35,19.6,22.26,22.26,5050
202511,BoxFast,BFX49135939103X,2,72hs,"MIZZEO Fender Scoop Car Hood Vent (Pack of 2, 3 Grip Vent, Black & Silver) Universal Air Intake Grille Compatible with Tat...",car & motorbike,Car Parts,Car_Parts,63,27,61,34.59,19.93,34.59,6750
202511,BoxFast,BFX49475898638X,2,72hs,"AUTOPOWERZ âRâ LED Round Fog Light DC9-80V 60W for all bikes, Harley Davidson, White, Red & Blue",car & motorbike,Car Parts,Car_Parts,39,10,21,2.73,9.98,9.98,3000
202511,BoxFast,BFX42517201135X,2,72hs,"AUTO MT Black Aluminum 18CM Long Universal Racing Car Mugen Shift Knob Manual Transmissive Mugen Gear Shift Knob with 3 Ad...",car & motorbike,Car Parts,Car_Parts,40,74,15,14.8,29.67,29.67,6000
202511,BoxFast,BFX47853798768X,2,72hs,"CARIZO Dicky Patti/Chrome Boot Garnish for Maruti Suzuki Swift Dzire 2012 (Set of 1)",car & motorbike,Car Parts,Car_Parts,75,18,106,47.7,24.88,47.7,9000
202511,BoxFast,BFX47484201695X,1,72hs,"HUUSO Dicky Patti/Chrome Boot Garnish for Maruti Suzuki Alto 800 Old (Set of 1)",car & motorbike,Car Parts,Car_Parts,100,23,64,49.07,16.23,49.07,7200
202511,BoxFast,BFX41501739803X,1,48hs,"Auto Oprema Car Number Plate Frame Set of Two (Front and Back) For Renault Duster",car & motorbike,Car Parts,Car_Parts,107,34,88,106.71,29.72,106.71,12600
202511,BoxFast,BFX49067725835X,3,72hs,"Open Throttle Racers Fuel Pump Unit for Honda CBR 150R",car & motorbike,Car Parts,Car_Parts,93,12,89,33.11,24.92,33.11,8350
